{"cameraMode":{"drawMode":0,"name":"Shaded","section":"Shading Mode"},"sceneLighting":false,"audioPlay":false,"sceneViewState":{"showFog":true,"showMaterialUpdate":false,"showSkybox":false,"showFlares":true,"showImageEffects":true,"showParticleSystems":true},"in2DMode":false,"pivot":{"x":-0.3465616703033447,"y":1.2418348789215088,"z":0.6065232753753662},"rotation":{"x":0.0021633142605423929,"y":-0.8318812251091003,"z":0.003242771839722991,"w":0.5549401044845581},"size":2.956671714782715,"orthographic":false}