{"cameraMode":{"drawMode":0,"name":"Shaded","section":"Shading Mode"},"sceneLighting":false,"audioPlay":false,"sceneViewState":{"showFog":true,"showMaterialUpdate":false,"showSkybox":false,"showFlares":true,"showImageEffects":true,"showParticleSystems":true},"in2DMode":false,"pivot":{"x":1.086939811706543,"y":-0.5094480514526367,"z":3.074162483215332},"rotation":{"x":0.07137103378772736,"y":0.835120439529419,"z":-0.11164394021034241,"w":0.5338687300682068},"size":9.206698417663575,"orthographic":false}