{"cameraMode":{"drawMode":0,"name":"Shaded","section":"Shading Mode"},"sceneLighting":false,"audioPlay":false,"sceneViewState":{"showFog":true,"showMaterialUpdate":false,"showSkybox":false,"showFlares":true,"showImageEffects":true,"showParticleSystems":true},"in2DMode":false,"pivot":{"x":0.38623377680778506,"y":1.4875125885009766,"z":0.34935474395751955},"rotation":{"x":0.30611974000930788,"y":0.03996846079826355,"z":-0.012864410877227784,"w":0.9510667324066162},"size":5.850000858306885,"orthographic":false}