{"cameraMode":{"drawMode":0,"name":"Shaded","section":"Shading Mode"},"sceneLighting":false,"audioPlay":false,"sceneViewState":{"showFog":true,"showMaterialUpdate":false,"showSkybox":false,"showFlares":true,"showImageEffects":true,"showParticleSystems":true},"in2DMode":false,"pivot":{"x":0.2958775758743286,"y":-0.07725906372070313,"z":0.11471152305603028},"rotation":{"x":-0.6279298067092896,"y":-0.0035021156072616579,"z":0.0028256119694560768,"w":-0.7782570123672485},"size":10.033584594726563,"orthographic":false}