{"cameraMode":{"drawMode":0,"name":"Shaded","section":"Shading Mode"},"sceneLighting":false,"audioPlay":false,"sceneViewState":{"showFog":true,"showMaterialUpdate":false,"showSkybox":false,"showFlares":true,"showImageEffects":true,"showParticleSystems":true},"in2DMode":false,"pivot":{"x":-0.4183347225189209,"y":-0.6440300941467285,"z":1.3670740127563477},"rotation":{"x":-0.02163732424378395,"y":-0.9775058031082153,"z":0.12620440125465394,"w":-0.1675909459590912},"size":9.051995277404786,"orthographic":false}